Delhi,India
Shanghai,China
SaoPaulo,Brazil
MexicoCity,Mexico
Dhaka,Bangladesh
Cairo,Egypt
Beijing,China
Mumbai,India
Osaka,Japan
Karachi,Pakistan
Chongqing,China
Istanbul,Turkey
BuenosAires,Argentina
Kolkata,India
Kinshasa,DRCongo
Lagos,Nigeria
Manila,Philippines
Tianjin,China
Guangzhou,China
RiodeJaneiro,Brazil
Lahore,Pakistan
Bangalore,India
Moscow,Russia
Shenzhen,China
Chennai,India
Bogota,Colombia
Paris,France
Jakarta,Indonesia
Lima,Peru
Bangkok,Thailand
Hyderabad,India
Seoul,SouthKorea
Nagoya,Japan
London,UnitedKingdom
Chengdu,China
Tehran,Iran
Nanjing,China
HoChiMinhCity,Vietnam
Luanda,Angola
Wuhan,China
XianShaanxi,China
Ahmedabad,India
NewYorkCity,UnitedStates
KualaLumpur,Malaysia
Hangzhou,China
HongKong,HongKong
Surat,India
Dongguan,China
Suzhou,China
Foshan,China
Riyadh,SaudiArabia
Shenyang,China
Baghdad,Iraq
DaresSalaam,Tanzania
Santiago,Chile
Pune,India
Madrid,Spain
Haerbin,China
Toronto,Canada
BeloHorizonte,Brazil
Singapore,Singapore
Khartoum,Sudan
Johannesburg,SouthAfrica
Dalian,China
Qingdao,China
Barcelona,Spain
Fukuoka,Japan
JinanShandong,China
Zhengzhou,China
SaintPetersburg,Russia
Yangon,Myanmar
Alexandria,Egypt
Abidjan,IvoryCoast
Guadalajara,Mexico
Ankara,Turkey
Chittagong,Bangladesh
Melbourne,Australia
AddisAbaba,Ethiopia
Sydney,Australia
Monterrey,Mexico
Nairobi,Kenya
Hanoi,Vietnam
Brasilia,Brazil
CapeTown,SouthAfrica
Jiddah,SaudiArabia
Changsha,China
Kunming,China
Urumqi,China
Changchun,China
Xinbei,Taiwan
Shantou,China
Hefei,China
Kabul,Afghanistan
Rome,Italy
Ningbo,China
TelAviv,Israel
Montreal,Canada
Shijiazhuang,China
Recife,Brazil
Yaounde,Cameroon
PortoAlegre,Brazil
Fortaleza,Brazil
Kano,Nigeria
Medellin,Colombia
Jaipur,India
LosAngeles,UnitedStates
TaiyuanShanxi,China
Nanning,China
Ekurhuleni,SouthAfrica
Salvador,Brazil
Casablanca,Morocco
Douala,Cameroon
Xiamen,China
Lucknow,India
FuzhouFujian,China
Changzhou,China
Kozhikode,India
Curitiba,Brazil
Wenzhou,China
Nanchang,China
Ibadan,Nigeria
Malappuram,India
Berlin,Germany
TangshanHebei,China
Faisalabad,Pakistan
Antananarivo,Madagascar
Bekasi,Indonesia
Kumasi,Ghana
Kampala,Uganda
Busan,SouthKorea
Abuja,Nigeria
Guiyang,China
Asuncion,Paraguay
SantoDomingo,DominicanRepublic
Campinas,Brazil
Wuxi,China
Mashhad,Iran
Puebla,Mexico
Dakar,Senegal
Thrissur,India
Kochi,India
KuwaitCity,Kuwait
Durban,SouthAfrica
PortHarcourt,Nigeria
Lanzhou,China
Kanpur,India
Athens,Greece
Milan,Italy
Indore,India
Pyongyang,NorthKorea
Sanaa,Yemen
Guayaquil,Ecuador
Izmir,Turkey
Kiev,Ukraine
GuatemalaCity,Guatemala
Surabaya,Indonesia
Lisbon,Portugal
Caracas,Venezuela
Zhongshan,China
Nagpur,India
Shizuoka,Japan
Dubai,UnitedArabEmirates
Ouagadougou,BurkinaFaso
Lusaka,Zambia
Coimbatore,India
PortauPrince,Haiti
Depok,Indonesia
Handan,China
Incheon,SouthKorea
Cali,Colombia
Algiers,Algeria
Huaian,China
Manchester,UnitedKingdom
Goiania,Brazil
Weifang,China
Taibei,Taiwan
Bamako,Mali
Thiruvananthapuram,India
Zibo,China
Chicago,UnitedStates
Sapporo,Japan
Pretoria,SouthAfrica
MbujiMayi,DRCongo
Shaoxing,China
Birmingham,UnitedKingdom
Yantai,China
Bandung,Indonesia
Vancouver,Canada
Huizhou,China
Lubumbashi,DRCongo
Accra,Ghana
Tashkent,Uzbekistan
TolucadeLerdo,Mexico
Patna,India
Brazzaville,RepublicoftheCongo
Luoyang,China
Bhopal,India
SanJuan,PuertoRico
Damascus,Syria
Brisbane,Australia
Beirut,Lebanon
Tunis,Tunisia
Tangerang,Indonesia
Mogadishu,Somalia
Baku,Azerbaijan
Medan,Indonesia
Belem,Brazil
Nantong,China
Sendai,Japan
Houston,UnitedStates
Manaus,Brazil
Barranquilla,Colombia
Maracaibo,Venezuela
Gujranwala,Pakistan
Rawalpindi,Pakistan
Peshawar,Pakistan
Taoyuan,Taiwan
Agra,India
Hohhot,China
Baotou,China
Vadodara,India
Kannur,India
Liuzhou,China
Visakhapatnam,India
Xuzhou,China
Daegu,SouthKorea
Naples,Italy
Amman,Jordan
Tijuana,Mexico
Esfahan,Iran
PhnomPenh,Cambodia
Havana,Cuba
Nashik,India
GrandeVitoria,Brazil
Vijayawada,India
Brussels,Belgium
Mecca,SaudiArabia
Hiroshima,Japan
Perth,Australia
Multan,Pakistan
Yangzhou,China
Minsk,Belarus
Bursa,Turkey
Baoding,China
Aleppo,Syria
Putian,China
TaizhouZhejiang,China
Conakry,Guinea
LinyiShandong,China
WuhuAnhui,China
Vienna,Austria
Kollam,India
Valencia,Venezuela
Rajkot,India
Haikou,China
Almaty,Kazakhstan
BaixadaSantista,Brazil
YanchengJiangsu,China
Daqing,China
Rabat,Morocco
WestYorkshire,UnitedKingdom
Semarang,Indonesia
Quito,Ecuador
PanamaCity,Panama
Hyderabad,Pakistan
Ludhiana,India
LaPaz,Bolivia
Lianyungang,China
Lome,Togo
DavaoCity,Philippines
LeondelosAldamas,Mexico
Zhuhai,China
Turin,Italy
Bucharest,Romania
Adana,Turkey
Warsaw,Poland
Hamburg,Germany
Datong,China
BeninCity,Nigeria
Budapest,Hungary
Madurai,India
Montevideo,Uruguay
Quanzhou,China
Palembang,Indonesia
SantaCruz,Bolivia
Matola,Mozambique
Gaziantep,Turkey
Sharjah,UnitedArabEmirates
Phoenix,UnitedStates
Lyon,France
Meerut,India
Jiangmen,China
CanTho,Vietnam
Raipur,India
Varanasi,India
Xiangyang,China
Mosul,Iraq
Glasgow,UnitedKingdom
Novosibirsk,Russia
Shiraz,Iran
LaLaguna,Mexico
Cixi,China
Stockholm,Sweden
Anshan,China
Auckland,NewZealand
Jamshedpur,India
Tabriz,Iran
Yinchuan,China
Jilin,China
Srinagar,India
Batam,Indonesia
Ulaanbaatar,Mongolia
Marseille,France
Makassar,Indonesia
Yichang,China
Aurangabad,India
Muscat,Oman
Qinhuangdao,China
Philadelphia,UnitedStates
Cordoba,Argentina
Qiqihaer,China
Xining,China
Karaj,Iran
SanAntonio,UnitedStates
Calgary,Canada
Hengyang,China
Daejon,SouthKorea
Monrovia,Liberia
Tiruppur,India
Rosario,Argentina
Munich,Germany
Gaoxiong,Taiwan
Harare,Zimbabwe
CiudadJuarez,Mexico
Anyang,China
Kananga,DRCongo
Gwangju,SouthKorea
Suqian,China
JiningShandong,China
Medina,SaudiArabia
Yekaterinburg,Russia
AbuDhabi,UnitedArabEmirates
Jodhpur,India
GrandeSaoLuis,Brazil
Edmonton,Canada
Natal,Brazil
Tegucigalpa,Honduras
Onitsha,Nigeria
NDjamena,Chad
Ranchi,India
Kathmandu,Nepal
Jabalpur,India
Mandalay,Myanmar
Zhangjiakou,China
Huainan,China
Asansol,India
Chaozhou,China
Kota,India
SanDiego,UnitedStates
Kharkiv,Ukraine
SanJose,CostaRica
ChonBuri,Thailand
Allahabad,India
Gwalior,India
Ottawa,Canada
Zurich,Switzerland
Belgrade,Serbia
Amritsar,India
JoaoPessoa,Brazil
Yiwu,China
Basra,Iraq
TaizhouJiangsu,China
Nouakchott,Mauritania
Queretaro,Mexico
TaianShandong,China
Homs,Syria
Copenhagen,Denmark
Konya,Turkey
Bucaramanga,Colombia
Dhanbad,India
Weihai,China
Dallas,UnitedStates
Ganzhou,China
Adelaide,Australia
HaiPhong,Vietnam
Mombasa,Kenya
Taizhong,Taiwan
Maceio,Brazil
Cochabamba,Bolivia
Niamey,Niger
Suwon,SouthKorea
SamutPrakan,Thailand
Joinville,Brazil
Jiaxing,China
Kaifeng,China
Helsinki,Finland
Porto,Portugal
Zhanjiang,China
Zunyi,China
Rizhao,China
Kisangani,DRCongo
Prague,CzechRepublic
Dongying,China
Qom,Iran
MianyangSichuan,China
Nanchong,China
FushunLiaoning,China
Antalya,Turkey
Bareilly,India
Sofia,Bulgaria
Shiyan,China
Kazan,Russia
AdDammam,SaudiArabia
PortElizabeth,SouthAfrica
Ahvaz,Iran
Liuan,China
Florianopolis,Brazil
NizhniyNovgorod,Russia
PointeNoire,RepublicoftheCongo
Yingkou,China
Fes,Morocco
Aligarh,India
Liuyang,China
Dublin,Ireland
Maoming,China
Tanger,Morocco
PekanBaru,Indonesia
Tengzhou,China
Freetown,SierraLeone
SanLuisPotosi,Mexico
Mysore,India
Chelyabinsk,Russia
Moradabad,India
Barquisimeto,Venezuela
DurgBhilai,India
Suzhou,China
Maracay,Venezuela
Astana,Kazakhstan
Zhuzhou,China
Ruian,China
Uyo,Nigeria
ZhenjiangJiangsu,China
Baoji,China
Jieyang,China
Chifeng,China
Bhubaneswar,India
PingdingshanHenan,China
Puning,China
Mendoza,Argentina
Bogor,Indonesia
ChiangMai,Thailand
Mwanza,Tanzania
Tiruchirappalli,India
Omsk,Russia
Merida,Mexico
Benxi,China
Huaibei,China
Lilongwe,Malawi
NanyangHenan,China
Jinhua,China
XiangtanHunan,China
Kigali,Rwanda
Tripoli,Libya
Chandigarh,India
Jinzhou,China
Islamabad,Pakistan
Samara,Russia
Amsterdam,Netherlands
DaNang,Vietnam
Haifa,Israel
Guilin,China
Krasnoyarsk,Russia
Mexicali,Mexico
Ufa,Russia
RostovonDon,Russia
HubliDharwad,India
Guwahati,India
Kaduna,Nigeria
Bukavu,DRCongo
Liupanshui,China
Quetta,Pakistan
Cologne,Germany
Aguascalientes,Mexico
Binzhou,China
Salem,India
AbomeyCalavi,Benin
Maputo,Mozambique
BandarLampung,Indonesia
Aba,Nigeria
Pizhou,China
Nnewi,Nigeria
Tasikmalaya,Indonesia
SanSalvador,ElSalvador
Yongin,SouthKorea
Zaozhuang,China
Xinxiang,China
Yueqing,China
Luohe,China
Saharanpur,India
Shimkent,Kazakhstan
Cuernavaca,Mexico
Yerevan,Armenia
Goyang,SouthKorea
Tbilisi,Georgia
Chihuahua,Mexico
Panjin,China
Perm,Russia
Bujumbura,Burundi
Jalandhar,India
Managua,Nicaragua
Voronezh,Russia
Cartagena,Colombia
Wenling,China
Lille,France
Fuyang,China
Bishkek,Kyrgyzstan
Diyarbakir,Turkey
Bazhong,China
Siliguri,India
Oslo,Norway
Shangrao,China
Changwon,SouthKorea
JingzhouHubei,China
Ma'anshan,China
Zhaoqing,China
Antwerp,Belgium
Kermanshah,Iran
Xiongan,China
BienHoa,Vietnam
JohorBahru,Malaysia
Solapur,India
Samarinda,Indonesia
Toulouse,France
Mersin,Turkey
Hargeysa,Somalia
Teresina,Brazil
Kirkuk,Iraq
FuzhouJiangxi,China
Aracaju,Brazil
BoboDioulasso,BurkinaFaso
Leshan,China
Yueyang,China
Dezhou,China
Marrakech,Morocco
Tampico,Mexico
Huzhou,China
Rotterdam,Netherlands
Aden,Yemen
Austin,UnitedStates
SanJose,UnitedStates
Denpasar,Indonesia
Odesa,Ukraine
Chenzhou,China
Xuchang,China
Volgograd,Russia
Saltillo,Mexico
SanMigueldeTucuman,Argentina
Asmara,Eritrea
Padang,Indonesia
CebuCity,Philippines
AcapulcodeJuarez,Mexico
Valparaiso,Chile
SekondiTakoradi,Ghana
Ikorodu,Nigeria
Kayseri,Turkey
Warangal,India
Changshu,China
Bordeaux,France
Songkhla,Thailand
Qujing,China
Nonthaburi,Thailand
YichunJiangxi,China
Krasnodar,Russia
Ilorin,Nigeria
Cancun,Mexico
Tshikapa,DRCongo
Nyala,Sudan
Xintai,China
JixiHeilongjiang,China
BlantyreLimbe,Malawi
Morelia,Mexico
PingxiangJiangxi,China
Dnipro,Ukraine
Khulna,Bangladesh
Jerusalem,Israel
Cucuta,Colombia
Nice,France
Dehradun,India
Seongnam,SouthKorea
FortWorth,UnitedStates
Agadir,Morocco
Mudanjiang,China
Hamah,Syria
Dushanbe,Tajikistan
Guiping,China
Jiujiang,China
Southampton,UnitedKingdom
Laiwu,China
Arequipa,Peru
CiudadGuayana,Venezuela
ZamboangaCity,Philippines
Veracruz,Mexico
Jacksonville,UnitedStates
SanPedroSula,Honduras
Zhucheng,China
PathumThani,Thailand
Rajshahi,Bangladesh
Chengde,China
Misratah,Libya
Guigang,China
Jos,Nigeria
Reynosa,Mexico
Bengbu,China
Columbus,UnitedStates
Villahermosa,Mexico
Yangjiang,China
Charlotte,UnitedStates
Ulsan,SouthKorea
Bangui,CentralAfricanRepublic
Oran,Algeria
WestRand,SouthAfrica
Owerri,Nigeria
CampoGrande,Brazil
Liverpool,UnitedKingdom
Antipolo,Philippines
Najaf,Iraq
Zhangzhou,China
Bergamo,Italy
Donetsk,Ukraine
Tianmen,China
Warri,Nigeria
Londrina,Brazil
Leiyang,China
Malang,Indonesia
LaPlata,Argentina
Concepcion,Chile
Hengshui,China
Linfen,China
Xinyu,China
Sylhet,Bangladesh
Dandong,China
Indianapolis,UnitedStates
Nampula,Mozambique
Deyang,China
Hermosillo,Mexico
SanFrancisco,UnitedStates
Trujillo,Peru
Taiz,Yemen
Guntur,India
Jiangyin,China
Bhiwandi,India
Lubango,Angola
Liaoyang,China
Bahawalpur,Pakistan
Changzhi,China
Tyumen,Russia
Soshanguve,SouthAfrica
TuxtlaGutierrez,Mexico
Ashgabat,Turkmenistan
Erbil,Iraq
Baishan,China
Liling,China
Tainan,Taiwan
Puducherry,India
Culiacan,Mexico
Changde,China
Fuxin,China
Palermo,Italy
Shangqiu,China
Xingtai,China
HufufMubarraz,SaudiArabia
Firozabad,India
Libreville,Gabon
Huangshi,China
Saratov,Russia
Banghazi,Libya
Valencia,Spain
Luzhou,China
QuebecCity,Canada
Yibin,China
Bucheon,SouthKorea
Ipoh,Malaysia
Winnipeg,Canada
Bogra,Bangladesh
Cabinda,Angola
Umuahia,Nigeria
Xinyang,China
Xinghua,China
NewcastleuponTyne,UnitedKingdom
Yangquan,China
Thessaloniki,Greece
Yongzhou,China
Bologna,Italy
Orumiyeh,Iran
Xiaogan,China
Heze,China
BarcelonaPuertoLaCruz,Venezuela
Maiduguri,Nigeria
Kuerle,China
Niigata,Japan
Eskisehir,Turkey
Cherthala,India
Quzhou,China
Zhuji,China
Sorocaba,Brazil
Haicheng,China
Enugu,Nigeria
Nottingham,UnitedKingdom
Tianshui,China
Huludao,China
Xalapa,Mexico
Bikaner,India
Frankfurt,Germany
Huaihua,China
NakhonRatchasima,Thailand
Vereeniging,SouthAfrica
Liaocheng,China
Seattle,UnitedStates
Jiaozuo,China
Bozhou,China
Nellore,India
Hamilton,Canada
Gebze,Turkey
Taixing,China
CagayandeOroCity,Philippines
Krakow,Poland
Kunshan,China
Shaoguan,China
Gorakhpur,India
Dasmarinas,Philippines
Amravati,India
Jincheng,China
Langfang,China
Ansan,SouthKorea
ArRayyan,Qatar
Sulaimaniya,Iraq
Cuttack,India
BurSa'id,Egypt
Denver,UnitedStates
Meishan,China
Zhumadian,China
Zigong,China
Benguela,Angola
Gaomi,China
Anqing,China
Qingyuan,China
Banjarmasin,Indonesia
Hanchuan,China
Danyang,China
Muzaffarnagar,India
Lokoja,Nigeria
Kumamoto,Japan
Kottayam,India
Belgaum,India
Zarqa,Jordan
Zaria,Nigeria
Sheffield,UnitedKingdom
Zanzibar,Tanzania
Gaza,Palestine
Zaragoza,Spain
Linhai,China
Zaporizhzhya,Ukraine
Malegaon,India
SaoJosedosCampos,Brazil
Oshogbo,Nigeria
OrdosCity,China
Shaoyang,China
Kayamkulam,India
Jiamusi,China
Mangalore,India
Okayama,Japan
RibeiraoPreto,Brazil
XianyangShaanxi,China
Bunia,DRCongo
Lviv,Ukraine
Rasht,Iran
Anqiu,China
Tongliao,China
Cheongju,SouthKorea
Sialkot,Pakistan
Maturin,Venezuela
BuffaloCity,SouthAfrica
Panzhihua,China
SuiningSichuan,China
Yanji,China
Tongling,China
Wuzhou,China
OaxacadeJuarez,Mexico
Washington,UnitedStates
Sargodha,Pakistan
Bhavnagar,India
GoldCoast,Australia
Yan'an,China
Kitwe,Zambia
Florence,Italy
Jammu,India
YulinShaanxi,China
NandedWaghala,India
Dazhou,China
Tirupati,India
Bacoor,Philippines
Malanje,Angola
Dengzhou,China
TheHague,Netherlands
Longyan,China
Yuncheng,China
Seville,Spain
Cotonou,Benin
Dongtai,China
Tolyatti,Russia
Salta,Argentina
Merca,Somalia
Bali,Indonesia
Yuyao,China
Boston,UnitedStates
Uberlandia,Brazil
Taif,SaudiArabia
Yuxi,China
Vientiane,Laos
Bristol,UnitedKingdom
Akure,Nigeria
Ibb,Yemen
Celaya,Mexico
AlHudaydah,Yemen
Cheonan,SouthKorea
Jundiai,Brazil
Gulbarga,India
Huambo,Angola
Padova,Italy
Durgapur,India
Kurnool,India
ElPaso,UnitedStates
Nantes,France
Buraydah,SaudiArabia
Zagreb,Croatia
Zhangjiagang,China
Pontianak,Indonesia
Amara,Iraq
Liege,Belgium
Taicang,China
Nashville,UnitedStates
Genoa,Italy
Ezhou,China
Santiago,DominicanRepublic
MarDelPlata,Argentina
Tamale,Ghana
Zhoukou,China
Lodz,Poland
Goma,DRCongo
OklahomaCity,UnitedStates
Lattakia,Syria
LasVegas,UnitedStates
Tabuk,SaudiArabia
Ankang,China
GeneralSantosCity,Philippines
Renqiu,China
Detroit,UnitedStates
Manama,Bahrain
Loudi,China
Jeonju,SouthKorea
Bijie,China
Portland,UnitedStates
Sokoto,Nigeria
Qinzhou,China
Macao,Macau
Samsun,Turkey
Denizli,Turkey
Zhoushan,China
BustoArsizio,Italy
Tongxiang,China
Longhai,China
Puyang,China
Hezhou,China
Jhansi,India
Neijiang,China
Izhevsk,Russia
Memphis,UnitedStates
Jamnagar,India
AsSuways,Egypt
Erode,India
Doha,Qatar
PachucadeSoto,Mexico
Haimen,China
Chongjin,NorthKorea
Chiclayo,Peru
Wuhai,China
Hegang,China
Sanya,China
Be'erSheva,Israel
Durango,Mexico
BokaroSteelCity,India
Wroclaw,Poland
Irkutsk,Russia
Barnaul,Russia
NayPyiTaw,Myanmar
Bulawayo,Zimbabwe
Miluo,China
Venezia,Italy
Jambi,Indonesia
Safaqis,Tunisia
Khabarovsk,Russia
Herat,Afghanistan
Duesseldorf,Germany
Belfast,UnitedKingdom
Nasiriyah,Iraq
Stuttgart,Germany
Verona,Italy
Raurkela,India
Jubayl,SaudiArabia
Riga,Latvia
BandarAbbas,Iran
Kolhapur,India
Bacolod,Philippines
Seregno,Italy
Ulyanovsk,Russia
Uvira,DRCongo
AlAin,UnitedArabEmirates
Bari,Italy
YulinGuangxi,China
Ajmer,India
Kuching,Malaysia
Bissau,GuineaBissau
Bauchi,Nigeria
Geneva,Switzerland
Enshi,China
Anshun,China
Colombo,SriLanka
Sihui,China
Hanzhong,China
Ujjain,India
Gothenburg,Sweden
Jinzhong,China
Patiala,India
Zahedan,Iran
Bilaspur,India
Louisville,UnitedStates
SanJosedelMonte,Philippines
Hillah,Iraq
KryvyiRih,Ukraine
Yaroslavl,Russia
Brighton,UnitedKingdom
FeiraDeSantana,Brazil
Vladivostok,Russia
Comilla,Bangladesh
Tlaxcala,Mexico
Siping,China
Sanhe,China
Calabar,Nigeria
Mathura,India
Abakaliki,Nigeria
Xinmi,China
Skopje,NorthMacedonia
Makhachkala,Russia
Tomsk,Russia
Jingjiang,China
Shishi,China
Fuqing,China
Sanliurfa,Turkey
Leipzig,Germany
Agartala,India
Xiantao,China
YichunHeilongjiang,China
Imphal,India
Daye,China
Mbeya,Tanzania
Cenxi,China
Kingston,Jamaica
Sangli,India
Cuiaba,Brazil
Samarkand,Uzbekistan
Malaga,Spain
Ibague,Colombia
Dortmund,Germany
Kagoshima,Japan
Cabimas,Venezuela
Qitaihe,China
Milwaukee,UnitedStates
Catania,Italy
SamutSakhon,Thailand
Likasi,DRCongo
Beira,Mozambique
Hamadan,Iran
Shuozhou,China
Tonghua,China
Djibouti,Djibouti
Essen,Germany
Toulon,France
Dresden,Germany
JuizDeFora,Brazil
Bouake,IvoryCoast
Pereira,Colombia
Udaipur,India
Sanmenxia,China
Vellore,India
Dongyang,China
Ardabil,Iran
Thoothukkudi,India
Bloemfontein,SouthAfrica
Xinyi,China